,0
0,Inhousepharmacy.vu
1,www.wellerectile.com
2,kubapharm.com
3,premiumlightsupplier.com
4,Ivermectin24h.com
5,rxshopmd.com 
6,Extrapharmacy.ru 
7,rxmedkart.com 
8,247rxpill.in 
9,pharmacygeoff.md
10,Hydroxychloroquine-online.com
11,Pharmaboosters.com
12,buy-pharma.md
13,sandra-pharma.is
14,rx2go.com
15,Medication-house.com
16,Extrapharma.com
17,alpharoyalpharmacy.com
18,globalpharmacystores.com
19,bluepillmedications.com 
20,melanopharmacy.com
21,beststeroidstore.net
22,www.xsteroids.com
23,klasiekpharmacy.com
24,www.skylimitpharmacy.com
25,www.roidsforce.com 
26,www.rxeasymeds.com
27,genericpharmacyusa.com
28,lekapharma.com 
29,greenrxpharmacy.com 
30,www.buydrugsmedsonline.com
31,www.uspharmacyshop.com
32,IceNetworks Ltd./www.mega-pillspharmacy.com
33,Chloroquineonline.com
34,4nrx.md
35,Emedkit.com 
36,Roidsmall.net
37,Foxroids.com
38,Antroids.com 
39,Unitedpharmacies.md 
40,Euphoria Healthcare Pvt Ltd.
41,Azmedicinalshop.com
42,Thedonrx.net
43,MedInc.biz
44,PharmacyAffiliates.org
45,Medstore.biz
46,RxCash.Biz
47,http://usarxpills.net
48,http://tramadolweb.com
49,http://pillsusaonline.com
50,http://tramadolinfo.net
51,http://tramadolpain.net
52,http://ultrampills.net
53,http://usarxmedicine.com
54,http://ultrampills.com
55,http://buyklonopin247.com
56,http://buyzolpidemonlineeu.com
57,http://bitcoinsdrugstore.net
58,http://goodrxdrugs.net
59,http://mexicanonlinepharmacy.us
60,http://millenniumonlinepharmacy.com
61,http://optimumrxdrugs.com
62,http://basementonlinepharmacy.com
63,http://online-buyxanax.com
64,http://onlinepharmacy.cloud
65,http://pillpharmacyrx.com
66,http://rxdrugs-online.com
67,http://xanaxiety.com
68,buying-tramadolonline.com
69,lionmeds.com
70,genericwellness.com
71,tapentadol.us
72,gmhealthcaregroup.com
73,jcmrx.es
74,jcmrx.net
75,jcmrx.sx
76,rxcreams.net
77,uspainkillers.com
78,http://www.coinrx.is
79,http://www.chemists‐shop.com
80,http://www.hotpharmacy.net
81,http://www.order‐meds.biz
82,http://www.uk‐drugs.com
83,http://www.buyadderall.biz
84,http://www.canadapharmacy.site
85,http://www.canadianmeds.site
86,http://www.canadianpills.site
87,http://www.buynorco.org
88,http://www.shop4pills.biz
89,http://www.securepharmarx.com
90,http://www.mypillrx.com
91,http://www.leopharmarx.com
92,http://www.my69rx.com
93,http://www.ultramadol.com
94,http://www.medusrx.com
95,http://www.surepharmarx.com
96,http://www.rxtramadolcod.com
97,http://www.medstore‐online.co
98,http://www.medstore‐online.global
99,http://www.anonshop.net
100,http://www.storemeds.online
101,http://www.usashop.store
102,http://www.pillsshope.us
103,http://www.norxonlineproducts.com
104,http://www.medzbrand.com
105,http://www.usamedzonline.com
106,http://www.canadiapharma.com
107,http://www.onlinegetshop.com
108,http://www.onlinepainpharma.com
109,http://www.medicinesmexico.com
110,http://www.medicinesmexicorx.com
111,http://www.medsmex4you.com
112,http://www.noscriptpharmacy.com
113,http://www.medformula.com
114,http://www.rxcarrier.com
115,http://www.pharmacyexpressonline.com
116,http://www.gomedstore.com
117,http://www.onemedstore.com
118,http://www.rx-pharm.net
119,http://www.medstoreonline.net
120,http://www.onemedusa.com
121,http://www.onestoppharma.org
122,http://www.onesteppharma.net
123,http://www.generixstore.com
124,http://saferxmart.com
125,http://www.medsusa.club
126,http://www.canada meds.site
127,http://www.vip-clients.biz
128,http://www.rx-checkout.net
129,http://www.norxmedi.com
130,http://www.medecine4u.net
131,http://www.pharmacy-24x7.com
132,http://www.24x7medpharm.com
133,http://www.shop-medicines.com
134,http://www.medzxpress.com
135,http://www.best4ph.com
136,http://www.greatmedz.com
137,http://www.pro-medz.com
138,http://www.pharmaonlinepro.com
139,http://www.tramadol.co
140,http://www.tramadolcheap.com
141,http://www.trdol.com
142,http://www.availablepharmacy.org
143,http://www.canadianpharmacynoprescription.org
144,http://www.generic-pharmacies.net
145,http://www.onlinepharmacydrug.com
146,http://www.leopharmacy.com
147,http://www.jupiterpharmacy.com
148,http://www.my24hrpharmacy.com
149,http://www.generic-pills-online.net
150,http://www.medications-online-store.com
151,http://www.vespharmacy.com
152,apotekudenrecept.com
153,pharmadiscount25.net
154,allpresciption.com
155,canadian-sells.com
156,7-rx.net
157,trustpillsnorx.com
158,euro-pharma365.net
159,medsonline-365.com
160,yourpharmanorx.com
161,rxpharma24-hs.com
162,rxpharma25-hs.com
163,sibutramine-weigthloss.com
164,zopiclone-insomnia.com
165,medsonline-365.net
166,goldpharma-24.com
167,onepharmatoday.com
168,rx-pharma24-hs.com
169,rxpharm24.com
170,openpharma4u.com
171,bestrxpills.net
172,pharmvnp.com
173,goldpharma24.com
174,trust-pharma24hs.com
175,rxonlinemedicines.com
176,super-rxstore.com
177,open24hs.net
178,pharmanow-24hs.com
179,sales-24hs.com
180,rx-pharma24.com
181,sales24-hs.com
182,365discountmeds.net
183,get-tramadol.com
184,medicineviagra.com
185,viagraedperfect.com
186,viagraonlinefreeships.com
187,buydrugsorderonline24.com
188,pharmacy-no-rx.com
189,cheapillsonline.com
190,buyzithromaxgeneric.net
191,buyzithromaxinusa.net
192,zithromaxonlinerxshop.net
193,buyciprofloxacinnorx.com
194,modernantibiotic.com
195,doxycyclinecheap.com
196,skypharmacy2016.com
197,canada-pharmacy-365.com
198,canadian-drugs-365.com
199,drug-24h.com
200,canadianpharmaciesmailorder.net
201,onlinedrugstore24hour.com
202,skypharmacyreview.com
203,silverpharmacy.com
204,medsnoprescriptiononline.com
205,antibioticseuromed.ru
206,antibioticsforsale.ru
207,antibioticsforsaleonline.ru
208,antibioticsonlineovernightdelivery.ru
209,antibioticsonlinepharmacy.ru
210,buyantibioticsonlineovernight.ru
211,buyantibioticswithoutprescriptionuk.ru
212,buyingantibioticsonline.ru
213,canadianonlinephamacyciproovernight.ru
214,flagyltablets.ru
215,mailorderantibiotics.ru
216,onlinedrugstore.ru
217,onlinepharmacywithoutaprescription.ru
218,tetracyclineantibioticsforsale.ru
219,cheapdrugs24h.net
220,antibioticsforsaleonline.life
221,bestcanadiantabs.com
222,trusted-generic-pharmacy.com
223,spiritual-health.org
224,pharmacy-365-pills.com
225,rxgolden.com
226,azithromycin250mg.net
227,azithromycintabs.net
228,24x7drugstoreonline.com
229,antibioticdoxycycline.com
230,colitex.net
231,highqualitydrugstore.com
232,rxtorg.com
233,abcmedline.com
234,viypharmacy.com
235,yvipharmacy.com
236,abeewell.net
237,doxycyclinehyclate.biz
238,trustedmedstore24.com
239,fast-meds-abroad.com
240,hq-medstore.com
241,qualitydrugstoregeneric.com
242,multiproductphshop.com
243,orderpharma.com
244,cheapantibioticsonline.com
245,drugsboat.com
246,rxnoprescription.com
247,thepharmacyone-rx.com
248,overthecounterpharma.com
249,antibioticshome.com
250,helpfultabs.com
251,safemedsrx.com
252,pills-24h.com
253,mdedrx.com
254,mdrxmd.com
255,worldhealthsupplier.com
256,choice7-24.com
257,ciprocost.com
258,zithromaxcanada.com
259,antiinfectivedrugs.com
260,edp2u.com
261,rxpillsstore.org
262,thebasil.net
263,noprescription-online-pharmacy24.com
264,norxpharmstore24.com
265,qualitydrugstorenow24.com
266,webgenericpharmacyonline24.com
267,webmedqualityshop24.com
268,medicinepricelist.com
269,topmednorx.com
270,canadian-pharma.com
271,good-pills.com
272,amoxilamoxicillinfor-sale.com
273,amoxil-amoxicillin-order.com
274,buyonlinewithoutprescriptionvia.org
275,buyonlinewithoutprescriptionwqc.org
276,metronidazole-flagylantibiotic.net
277,amoxicillincaamoxil.org
278,buy-ciprofloxacinhcl500mg.com
279,online-usapharmacy.com
280,amoxiluk.org
281,amoxicillinonlineamoxil.org
282,amoxicillin-amoxil-without-prescription.net
283,amoxilnoprescription-amoxicillin.net
284,hyclate-100mg-doxycycline.net
285,amoxicillinamoxil-buy.net
286,no-prescription-amoxil-amoxicillin.com
287,amoxicillinamoxil-order.com
288,amoxilamoxicillin-for-sale.com
289,caamoxilamoxicillin.net
290,online500mg-cipro.net
291,500mgorder-flagyl.net
292,amoxilamoxicillinorder.com
293,ciprofloxacin-hcl-buy-500mg.org
294,metronidazole-flagyl-buy.net
295,cipro-withoutprescriptiononline.com
296,amoxiluk-amoxicillin.org
297,orderamoxicillinamoxil.org
298,ciprofloxacin500mgbuy.mobi
299,online500mgcipro.net
300,rxpills101.com
301,1canadianxpills.com
302,canadianbestpills.com
303,online-amoxicillinamoxil.net
304,amoxil-for-saleamoxicillin.net
305,amoxilno-prescriptionamoxicillin.net
306,amoxicillinforsale-amoxil.net
307,online-buydoxycycline.org
308,flagyl-online-antibiotic.org
309,flagylantibiotic500mg.com
310,buy500mgciprofloxacinhcl.net
311,ciprofloxacin500mg-online.com
312,amoxilamoxicillin-forsale.org
313,amoxicillin-amoxil-buy.mobi
314,flagyl-metronidazole-antibiotic.mobi
315,amoxilfor-saleamoxicillin.com
316,amoxicillinamoxil-withoutprescription.com
317,withoutprescription-amoxicillinamoxil.org
318,buy500mg-ciprofloxacin-hcl.net
319,buy500mg-cipro.com
320,amoxicillin-amoxilonline.net
321,online500mgciprofloxacin.net
322,amoxil-without-prescription-amoxicillin.com
323,flagylmetronidazoleantibiotic.org
324,amoxilamoxicillinca.net
325,flagylmetronidazoleantibiotic.com
326,buy-amoxilamoxicillin.net
327,buy-tabletscipro.net
328,antibiotichelp.com
329,ciprofloxacinhcl-buy500mg.com
330,amoxil-amoxicillin-generic.net
331,ciprofloxacinbuy-500mg.net
332,100mg-doxycyclinemono.net
333,amoxicillin-online-amoxil.com
334,forsaleamoxil-amoxicillin.com
335,100mgdoxycycline-hyclate.org
336,ciprofloxacinhcl500mgbuy.com
337,buyantibiotic-flagyl.net
338,without-prescriptionamoxil-amoxicillin.com
339,buy-500mg-ciprofloxacin-hcl.org
340,flagylbuying.com
341,metronidazole500mg.biz
342,withoutprescription-amoxicillin-amoxil.com
343,metronidazole-flagylantibiotic.com
344,online-amoxicillin-amoxil.com
345,cipro500mg-buy.com
346,buyonlinewithoutprescriptionpiu.com
347,medicationsoverthecounter.com
348,pharmacyatwalmart.com
349,pharmexpress-rx.com
350,trustednorx.com
351,antibioticswithoutdoctorprescription.com
352,ciprofloxacin-hclbuy500mg.com
353,noprescriptionamoxilamoxicillin.net
354,amoxil-amoxicillinno-prescription.net
355,canadianpharmacy.tech
356,americanninedaylipost.com
357,genericviagraonlinenoscriptcheap.com
358,waytobehealthbluesea.com
359,sales-generic.com
360,amoxicillinamoxil-buy.com
361,pharmacyonline-noprescription.com
362,ciprofloxacin-hcl500mgtablets.com
363,buynoscriptwithoutpresctiptionotc.org
364,amoxicillinamoxilnoprescription.net
365,zithromax.me
366,bestpillsforsale.com
367,goldentabs.com
368,4rx-pharmacy.org
369,canadian-onlinepharmacy.com
370,canadian-pharmacy.website
371,canadianonlinepharmacy.website
372,planetmedpharmacy.com
373,tablrx.com
374,antibiotic-flagyl500mg.org
375,buyacyclovirzovirax.net
376,buyflagylmetronidazole.net
377,buyingantibioticsonline.net
378,onlinepills.ca
379,nextdaydeliverys.com
380,doxycycline-pro.com
381,buyantibiotics24h.com
382,med-store.net
383,yourtrustprescriptionsupplier.net
384,buy-antibiotics.org
385,pillsfromcanada.com
386,myantibiotics.org
387,overnightsdeliverys.com
388,drugsincanada.com
389,goldmeds.net
390,md-q.com
391,fda-approved-rx.biz
392,best-pharma-shop.com
393,drug-rx-pharmacy.org
394,your-onlinepharmacy.com
395,store-rx.com
396,internetpharmacydir.com
397,antimicrobialmed.com
398,amoxil-amoxicillin-pro.com
399,atlantic-drugs.net
400,no-rxdrugs.com
401,rxmedsdoctor.net
402,without-prescription.com
403,mydreamrx.com
404,memotrax.com
405,asiapharm.net
406,commonrx.com
407,drugs-rx-pharmacy.com
408,onlineantibiotics.net
409,rxdownunder.com
410,greatpillonline.com
411,directpharmas.net
412,nextdaycheckout.com
413,buypropeciashop.net
414,rx-checkout.net
415,buyimovane.com
416,buysonataonline.com
417,buyzaleplononline.com
418,buyzopicloneonline.com
419,canadapillstore.com
420,canadatabs.com
421,drugs-medstore.com
422,drugs-ship.com
423,rx-rev.com
424,trusts-rx.com
425,24x7-pillstore.net
426,buylunestaonline.net
427,cadrugstore.net
428,canadatabs.net
429,canadianmedstore.net
430,canadianpillstore.net
431,directspharma.com
432,clinixplus.com
433,ourezee.com
434,chemicalsupplyltd.net
435,clinixplus.net
436,ahpharmacy.com
437,clinixmass.com
438,healthdrugsforu.com
439,jaishaenterprises.com
440,lookandtook.com
441,mallofmedicine.com
442,medicomedicine.com
443,pharmaplusplus.com
444,anabolicneeds.net
445,clinixmass.net
446,mallofmedicine.net
447,medicomedicine.net
448,medipk.com
449,hexameds.com
450,meds5.com
451,steroidxone.com
452,medi-pk.com
453,pakonlinepharmacy.com
454,thepharmacyplus.com
455,zafaxpharma.com
456,247plus.net
457,americanonlinepharmacy.com
458,buymeds4less.com
459,buymedsonlinenow.net
460,buyrxmedsnow.com
461,meds4sale.com
462,orderyourmedsonline.com
463,rxmexicoonline.com
464,rxonline.com.mx
465,healthymedz.com.ru
466,yjflooring.com
467,rx-easymeds.com
468,easy-medico.com
469,controlledmeds.com
470,healthyzstorez.com
471,uk-drugs.com
472,drug-cart.com
473,rx-medico.com
474,beabons.com
475,chlok.com
476,cis188.com
477,granuu.com
478,inhousepharmacy24.com
479,nj-xany.com
480,qalwa.com
481,shengyangjingpin.com
482,melsembler.com
483,rx-easymedz.com
484,rxmedico.com
485,weight-loss-medicine.com
486,reynoldsdrug.com
487,cipropharmacy.com
488,rxmedscanada.com
489,internationalpharm.net
490,official-drugstore.com
491,med-shop365.com
492,meds-247.com
493,topmedsonline24-7.com
494,trustmdeal.com
495,vipmdline.com
496,soikin.com
497,canadianqualitydrugs.net
498,med-shop24.net
499,secureonline-shop.com
500,buy-azithromycin.top
501,online-ph.com
502,drugsforhealth.org
503,rx-canadian-store.com
504,amoxil-news.net
505,mypills24x7.com
506,buyamoxicillinnorx.com
507,buyazithromycinnorx.com
508,buymetronidazolenorx.com
509,medcareonline.net
510,canadianmed.net
511,pharmacygen.com
512,topdrugstore24.com
513,yourcanadianmeds.com
514,world-medstore.com
515,locuspharma.com
516,greyspharmacy.com
517,77canada.com
518,genericdrugoutlet.com
519,pharmadd.com
520,pricechoprx.com
521,travantipharma.com
522,77canadapharmacy.com
523,77canadapharmacy.net
524,bestindiapharmacy.com
525,buckadaypharmacy.com
526,bulkdrugsonline.com
527,canadapharmacyselect.com
528,canadian-pharmacies-online.net
529,canamerica.com
530,canamericadrugs.com
531,canamericaglobal.com
532,canamericaglobal.net
533,discountvaluemeds.com
534,freeshippingmedication.com
535,genericdrugsuperstore.com
536,libertydiscountdrugstore.com
537,medcentercanada.net
538,medsearchonline.com
539,panthermeds.net
540,pioneerfund.org
541,realfastdrugstore.net
542,rfdrugstore.net
543,worldwidedrugplan.com
544,americanameds.com
545,medcentercanada.com
546,rfdrugstore.com
547,thedrugcompany.com
548,buyrx-online.com
549,medscareonline.com
550,silkroadmeds.com
551,drugs-order.net
552,cureonlinepharmacy.net
553,buy-rxonline.net
554,deluxepharmacy.net
555,drugsplace.com
556,us2us-rx.com
557,onlinerxhub.com
558,onlineuspharma.com
559,rxpharmacyline.com
560,rxgreenovernight247.net
561,discreetdelivery.net
562,mrpharmacy.net
563,rxclick1.com
564,rxforever.com
565,rxplaces.com
566,rxclick1.net
567,rxforever.net
568,rxplaces.net
569,hi2rx.com
570,rx3go.com
571,sky2med.com
572,usabigstores.com
573,hi2rx.net
574,rx3go.net
575,safeshopping1.net
576,sky2med.net
577,storerx.net
578,rxcoinshealthcare247.net
579,blueovernight.com
580,safeshopping1.com
581,eupainrelief.com
582,painaz.com
583,webmedlife.com
584,125pills.com
585,buyeumeds.com
586,myeupro.com
587,247medication.com
