Name,urls
"AcariaHealth, Inc",acariahealth.envolvehealth.com
"Accredo Health Group, Inc",www.accredo.pharmacy
AHSSHC Expedien RX Pharmacy,www.AHSSCHDBAEXPEDIENRXPHARMACY.PHARMACY
"Alphascript, Inc.",www.alphascriptrx.com
Alto Pharmacy ,alto.com
Amber Specialty Pharmacy,www.amberpharmacy.com
"AmeriPharm, Inc dba MedVantx Pharmacy Services",www.medvantxrx.com
"AON Pharmacy, LLC",www.aoncology.com
AV Pharma LLC,www.citizenpharmacy.com
"BioPlus Specialty Pharmacy Services, LLC",www.bioplusrx.com
"Birdi, Inc",www.birdirx.com
Boston Medical Center Corporation,www.cornerstonehealthsolutions.org
CareFirst Specialty Pharmacy LLC,www.cfspharmacy.pharmacy
"Caremark Rx, LLC",www.caremark.com
Carepoint Healthcare LLC dba Carepoint Pharmacy ,www.carepointrx.com
CD Pharmacy LLC dba Red Rock Pharmacy,redrockhome.pharmacy
"CenterWell Pharmacy, Inc",www.centerwellpharmacy.com
"CHS Pharmacy Services, Inc d/b/a CarolinaCARE",www.carolinacarerx.org
Costco Wholesale Corporation,www.costco.com
"Curant, Inc",www.curanthealth.com
"DEGC Enterprises US, Inc dba CCS Medical",www.ccsmed.com
"DIVVYMED, LLC dba DIVVYDOSE",www.divvydose.com
Dulivuto Corp,www.friendswoodhealthmartpharmacy.com
Eagle Pharmacy LLC,eaglepharmacy.com
"Elixir Pharmacy, LLC",envisionpharmacies.com
"ESI Mail Pharmacy Service, Inc dba Express Script",www.express-scripts.com
Essentia Health,www.essentiahealth.org
ExperienceCare Specialty Pharmacy,www.ecspecialtyrx.com
"Genesis Apothecary, Inc. dba Rosh Pharmacy",rosh.pharmacy
"Gentry Health Services, Inc",gentryhealthservices.com
"Green Oaks Pharma, Inc dba DFW Wellness Pharmacy",www.dfwwellnesspharmacy.com
"Harper's Pharmacy, Inc.",ameripharma.u
"Harris Teeter, LLC",www.harristeeter.com
"HomeTown Pharmacy, Inc",www.hometownpharmacy.com
"Hwareh.com, Inc dba HealthWarehouse.com",www.healthwarehouse.com
"Hy-Vee, Inc.",www.hy-vee.com
"HYVACS, LLC d/b/a Hy-Vee Pharmacy Solutions",www.hvrxsolutions.com
IHC Health Services Inc.,intermountainhealthcare.org/services/pharmacy
"Indiana University Health, Inc",www.iuhealth.org/patients/pharmacie
"Infinity Compounding Solutions, LLC dba Infinity C",www.icsrx.com
Jolanto Corp dba Memorial Pharmacy,www.memorial.pharmacy
Kmart Corporation,www.kmart.com
"Magellan Rx Pharmacy, LLC",www.magellanrx.pharmacy
"MedImpact Direct, LLC",www.medimpact.com
"Meijer, Inc",www.meijer.com
Millennial Benefit Management Corporation dba GeniusRX,www.geniusrx.com
"Mini Pharmacy Enterprises, Inc.",
"MobiMeds, Inc dba The Pill Club",www.thepillclub.com
"Noble Health Services, Inc.",www.noblehealthservices.com
"North Coast Medical Supply, LLC dba Advanced Diabetes Supply",www.northcoastmed.com
OncoMed Specialty LLC dba Onco360 Oncology Pharmacy,www.onco360.com
"OptumRx, Inc",www.optumrx.com
"Orsini Pharmaceutical Services, LLC dba Orsini Health Care",www.orsinihealthcare.com
PANTHERx Specialty LLC,www.pantherxrare.com
Pharma Buddies Corp,www.rosemontspecialtyrx.com
PharmaMedRx LLC dba Mint Pharmacy and Skin Clinic,www.mintrxpharmacy.com
PillPack LLC dba PillPack by Amazon Pharmacy,www.amazon.com
Postmeds Inc dba TruePill ,ruepill.pharmacy
Powerhouse Pharmacy LLC,www.powerhousepharmacy.com
"Ridgeway Pharmacy, Ltd",www.ridgeway.pharmacy
"Ron Group, LLC",www.blueskyspecialtypharmacy.com
Rx Outreach Inc,www.rxoutreach.org
"Rx To Go, LLC",www.flcancer.com
Saint Peters Community Pharmacy,www.stpeterscommunitypharmacy.com
Schraft's 2.0,www.schrafts2.com
Scripts Rx,www.scriptsrxpharmacy.com
"Senderra Rx Partners, LLC dba Senderra Specialty Pharmacy",www.senderrarx.com
"Shan-Pham Diversified Holdings, Inc",medhope.pharmacy
"Solera Specialty Pharmacy, LLC",www.solerarx.com
"SortPak Rx, Inc.",www.sortpak.com
"SP2, LLC",www.smrtrx.ne
"Synergen Rx, LLC",www.synergenrx.com
The Kroger Co,www.bakersplus.com
The MetroHealth System,metrohealth.pharmacy
"Trillium Health, Inc.",mylocalrx.org
Triple SR Pharmacy Inc,www.hopesp.com
"Unicare Pharmacy, Inc dba MedicoRx Specialty Pharmacy ",www.medicorx.com
"Union Pacific Railroad Employees Health Systems, Inc",aging.depotdrug.com
University of Chicago Medical Center,
"US Med Acquisition, Inc.",www.usmed-rx.com
Vitalab Pharmacy Inc,www.vascorx.com
Wake Forest University Baptist Medical Center dba North Carolina Baptist Hospital,rescriptions.wakehealth.edu
"Wal-Mart, Inc",www.walmart.com/cp/pharmacy/5431
Walgreen Co,www.walgreens.com
"Weis Markets, Inc",www.weismarkets.com
"WellDyneRx, LLC",www.welldynerx.com
"Your Rx Pharmacy, Inc",www.yourrxpharmacy.com
