,image_urls
0,"https://static.wixstatic.com/media/3e04e6_80c289b14b0241a8942a4214592420cb~mv2.png/v1/fill/w_257,h_83,al_c,q_85,usm_0.66_1.00_0.01,enc_auto/Screenshot%202022-04-28%20at%207_02_21%20PM.png"
1,"https://static.wixstatic.com/media/3e04e6_f8427057d44d4ff7837f37fe34da251ef000.jpg/v1/fill/w_147,h_83,al_c,q_80,usm_0.66_1.00_0.01,blur_2,enc_auto/3e04e6_f8427057d44d4ff7837f37fe34da251ef000.jpg"
2,"https://static.wixstatic.com/media/3e04e6_d0154efbf9d64d60b927671a40d295ef~mv2.png/v1/fill/w_201,h_94,al_c,q_85,usm_0.66_1.00_0.01,enc_auto/pngegg.png"
3,"https://static.wixstatic.com/media/3e04e6_732c742418f347cfb3dfc2b391a5df85~mv2.png/v1/fill/w_62,h_46,al_c,q_85,usm_0.66_1.00_0.01,blur_3,enc_auto/e2c82c76c6-1_f655dc8f1.png"
4,"https://static.wixstatic.com/media/40120c_f196fe3c0ba84161bec7e6604a02848b~mv2.png/v1/fill/w_78,h_78,al_c,q_85,usm_0.66_1.00_0.01,blur_3,enc_auto/Group%2030.png"
5,https://static.parastorage.com/services/linguist-flags/1.663.0/assets/flags/round/USA.png
6,https://static.parastorage.com/services/linguist-flags/1.663.0/assets/flags/round/DEU.png
7,https://static.parastorage.com/services/linguist-flags/1.663.0/assets/flags/round/ESP.png
8,https://static.parastorage.com/services/linguist-flags/1.663.0/assets/flags/round/FRA.png
9,https://static.parastorage.com/services/linguist-flags/1.663.0/assets/flags/round/HUN.png
10,https://static.parastorage.com/services/linguist-flags/1.663.0/assets/flags/round/JPN.png
11,https://static.parastorage.com/services/linguist-flags/1.663.0/assets/flags/round/KOR.png
12,https://static.parastorage.com/services/linguist-flags/1.663.0/assets/flags/round/NLD.png
13,https://static.parastorage.com/services/linguist-flags/1.663.0/assets/flags/round/ROU.png
14,https://static.parastorage.com/services/linguist-flags/1.663.0/assets/flags/round/CHN.png
15,https://kubapharm.com/wp-content/uploads/2020/05/imageonline-co-transparentimage-1.png
16,https://kubapharm.com/wp-content/uploads/2020/05/imageonline-co-transparentimage-1.png
17,https://kubapharm.com//kubapharm.com/wp-content/uploads/2020/05/syringe-medical-needle-health.jpg
18,https://kubapharm.com//kubapharm.com/wp-content/uploads/2020/05/istockphoto-1130335244-170667a.jpg
19,https://kubapharm.com//kubapharm.com/wp-content/uploads/2020/05/pills-red-and-white-_88599355_M.jpg
20,https://kubapharm.com/wp-content/uploads/2021/10/Ketamine-300x300.jpg
21,https://kubapharm.com/wp-content/uploads/2021/10/Meph-300x300.jpg
22,https://kubapharm.com/wp-content/uploads/2020/05/slide1.jpg
23,https://kubapharm.com/wp-content/uploads/2020/05/buy-vicoprofen-online_5ed0732cdb495-300x300.png
24,https://kubapharm.com/wp-content/uploads/2020/05/Money-Back.jpg
25,https://kubapharm.com/wp-content/uploads/2021/10/2cb-300x300.png
26,https://kubapharm.com/wp-content/uploads/2021/10/Buy-Etizolam-Powder-300x300.jpg
27,https://kubapharm.com/wp-content/uploads/2021/10/Ephedrine-HCL-Powder-6534922-300x300.jpg
28,https://kubapharm.com/wp-content/uploads/2020/05/Overnight_Delivery-768x577-1-300x225-1.jpg
29,https://kubapharm.com/wp-content/uploads/2020/05/health-621356__480-300x200-1.jpg
30,https://kubapharm.com/wp-content/uploads/2020/05/health-621351__480-300x200-1.jpg
31,https://kubapharm.com/wp-content/uploads/2020/05/first-aid-908591__480-300x200-1.jpg
32,https://kubapharm.com/wp-content/uploads/2020/05/pills-384846__480-300x200-1.jpg
33,https://kubapharm.com/wp-content/uploads/2020/05/imageonline-co-transparentimage-1.png
34,https://kubapharm.com/wp-content/uploads/2020/05/business-verified.png
35,https://kubapharm.com/wp-content/uploads/2017/02/patment-icon-1.png
36,https://kubapharm.com/wp-content/uploads/2020/05/imageonline-co-transparentimage-1.png
37,https://ivermectin24h.comimages/en_us.png
38,https://ivermectin24h.comimages/en.png
39,https://ivermectin24h.comimages/it.png
40,https://ivermectin24h.comimages/es.png
41,https://ivermectin24h.comimages/fr.png
42,https://ivermectin24h.comimages/de.png
43,https://ivermectin24h.comimages/logo.png
44,https://ivermectin24h.comimages/card_temp.png
45,https://extrapharmacy.ru/image/catalog/extrapharmacy.png
46,https://extrapharmacy.ru/image/banner/recently_delivered.png
47,https://extrapharmacy.ru/image/cache/catalog/rusmed/products/nanotropil-novo-200x200.jpg
48,https://extrapharmacy.ru/image/cache/catalog/rusmed/products/Corvalol_En-200x200.jpg
49,https://extrapharmacy.ru/image/cache/catalog/rusmed/products/Grandaxin-en-200x200.jpg
50,https://extrapharmacy.ru/image/cache/catalog/rusmed/products/cerebrlysin_En-200x200.jpg
51,https://extrapharmacy.ru/image/cache/catalog/rusmed/products/mildronate-RU-200x200.jpg
52,https://extrapharmacy.ru/image/cache/catalog/rusmed/products/baklosan-en-200x200.jpg
53,https://extrapharmacy.ru/image/cache/catalog/rusmed/products/catena_en_ExPh-200x200.jpg
54,https://extrapharmacy.ru/image/cache/catalog/rusmed/products/clenbuterol-in-sports-200x200.jpg
55,https://extrapharmacy.ru/image/cache/catalog/rusmed/advert-logos/zambon-130x100.png
56,https://extrapharmacy.ru/image/cache/catalog/rusmed/advert-logos/ranbaxi-130x100.png
57,https://extrapharmacy.ru/image/cache/catalog/rusmed/advert-logos/anvi-130x100.png
58,https://extrapharmacy.ru/image/cache/catalog/rusmed/advert-logos/teva-130x100.png
59,https://extrapharmacy.ru/image/cache/catalog/rusmed/advert-logos/pharmstandart-130x100.png
60,https://extrapharmacy.ru/image/cache/catalog/rusmed/advert-logos/olainfarm-130x100.png
61,https://extrapharmacy.ru/image/cache/catalog/rusmed/advert-logos/phizer-130x100.png
62,https://extrapharmacy.ru/image/cache/catalog/rusmed/advert-logos/nycomed-130x100.png
63,https://extrapharmacy.ru/image/cache/catalog/rusmed/advert-logos/krka-130x100.png
64,https://extrapharmacy.ru/image/cache/catalog/rusmed/advert-logos/gsk-130x100.png
65,https://extrapharmacy.ru/image/cache/catalog/rusmed/advert-logos/mepha-130x100.png
66,https://extrapharmacy.ru/image/cache/catalog/rusmed/advert-logos/valenta-130x100.png
67,https://extrapharmacy.ru/image/cache/catalog/rusmed/advert-logos/valeant-130x100.png
68,https://extrapharmacy.ru/image/cache/catalog/rusmed/advert-logos/peptogen-130x100.png
69,https://rx2go.com/wp-content/uploads/2017/09/logo.png
70,https://rx2go.com/wp-content/uploads/2017/09/call-center.png
71,https://rx2go.com/wp-content/themes/rx2go/images/facebook.png
72,https://rx2go.com/wp-content/themes/rx2go/images/twitter.png
73,https://rx2go.com/wp-content/uploads/2017/09/slider-Img12.png
74,https://rx2go.com/wp-content/uploads/2022/03/chloropromazine-tablets-ip-100mg-150x150.jpg
75,https://rx2go.com/wp-content/uploads/2022/03/ivermectin-rx2go-150x150.jpg
76,https://rx2go.com/wp-content/uploads/2017/09/img1.png
77,https://rx2go.com/wp-content/uploads/2017/09/img2.png
78,https://rx2go.com/wp-content/uploads/2017/09/chat.png
79,https://rx2go.com/wp-content/uploads/2017/09/visa.png
80,https://rx2go.com/wp-content/uploads/2017/09/bitcoin-payment-logo1.png
81,https://rx2go.com/wp-content/themes/rx2go/images/facebook.png
82,https://rx2go.com/wp-content/themes/rx2go/images/twitter.png
83,https://rx2go.com/wp-content/uploads/2022/05/RX2Go-splashscreen@3x.png
84,https://www.4nrx.md/libs/css/images/4nrx_logo.png
85,https://www.4nrx.md/cart.png
86,https://www.4nrx.md/item.png
87,https://www.4nrx.md/subtotal.png
88,https://4nrx.md../facebook.png
89,https://4nrx.md../instagram.png
90,https://4nrx.md../twitter.png
91,https://unitedpharmacies.mdstyle/img/UK-Flag.png
92,https://unitedpharmacies.mdstyle/img/US-Flag.png
93,https://unitedpharmacies.mdstyle/img/NL-Flag.png
94,https://unitedpharmacies.md../style/img/uplogo.jpg
95,https://unitedpharmacies.md../style/img/uplogo-mobile.jpg
96,https://unitedpharmacies.md../style/img/f_ico.png
97,https://unitedpharmacies.md../style/img/i_ico.png
98,https://unitedpharmacies.md../style/img/t_ico.png
99,https://lionmeds.com/wp-content/uploads/2020/12/lionmedslogo.png
100,https://lionmeds.com/wp-content/uploads/2020/12/lionmedslogo.png
101,https://lionmeds.com/wp-content/uploads/2020/12/IMG_20201227_200200.jpg
102,https://lionmeds.com/wp-content/uploads/2020/12/IMG_20201227_200133.jpg
103,https://www.canadapharmacy.siteimages/index_03.png
104,https://www.leopharmarx.comstore/home/generic-celebrex.jpg
105,https://www.leopharmarx.comstore/home/generic-levitra.jpg
106,https://www.leopharmarx.comstore/home/generic-viagra.jpg
107,https://www.leopharmarx.comstore/home/generic-cialis.jpg
108,https://www.leopharmarx.comstore/home/tramadol.jpg
109,https://www.leopharmarx.comstore/home/soma.jpg
110,https://www.leopharmarx.comstore/home/armodafinil.jpg
111,https://www.leopharmarx.comstore/home/modafinil.jpg
112,https://www.leopharmarx.comstore/home/waklert.jpg
113,https://www.leopharmarx.comstore/home/modalert.jpg
114,https://www.leopharmarx.comstore/home/lovegra.jpg
115,https://www.leopharmarx.comstore/home/genegra.jpg
116,https://www.leopharmarx.comstore/assets/images/other/purchase-btn.jpg
117,https://www.my69rx.comstore/home/generic-celebrex.jpg
118,https://www.my69rx.comstore/home/generic-levitra.jpg
119,https://www.my69rx.comstore/home/generic-viagra.jpg
120,https://www.my69rx.comstore/home/generic-cialis.jpg
121,https://www.my69rx.comstore/home/tramadol.jpg
122,https://www.my69rx.comstore/home/soma.jpg
123,https://www.my69rx.comstore/home/armodafinil.jpg
124,https://www.my69rx.comstore/home/modafinil.jpg
125,https://www.my69rx.comstore/home/waklert.jpg
126,https://www.my69rx.comstore/home/modalert.jpg
127,https://www.my69rx.comstore/home/lovegra.jpg
128,https://www.my69rx.comstore/home/genegra.jpg
129,https://www.my69rx.comstore/assets/images/other/purchase-btn.jpg
130,https://buyciprofloxacinnorx.comCiprofloxacin.jpg
131,https://antibioticsonlineovernightdelivery.ruimages/index_03.png
132,https://antibioticsonlineovernightdelivery.ruhttp://c4.gostats.com/bin/count/a_406302/t_5/i_1/counter.png
133,https://buyingantibioticsonline.ruimages/index_03.png
134,https://buyingantibioticsonline.ruhttp://c4.gostats.com/bin/count/a_406302/t_5/i_1/counter.png
135,https://canadianonlinephamacyciproovernight.ruhttp://c4.gostats.com/bin/count/a_405898/t_5/i_1/counter.png
136,https://onlinedrugstore.ruhttp://c4.gostats.com/bin/count/a_402516/t_5/i_1/counter.png
137,https://yvipharmacy.com/templates/classic/imgs/big1.jpg
138,https://yvipharmacy.com/templates/classic/imgs/big2.jpg
139,https://yvipharmacy.com/templates/classic/imgs/big3.jpg
140,https://yvipharmacy.com/imgs/people-categories.jpg
141,https://worldhealthsupplier.com/images-v2/layout/trusted-logo.jpg
142,https://webgenericpharmacyonline24.com/templates/pr11082016trustedpharmacy_green/img/tel1.png
143,https://webgenericpharmacyonline24.com/templates/pr11082016trustedpharmacy_green/img/tel2.png
144,https://webgenericpharmacyonline24.com/templates/pr11082016trustedpharmacy_green/img/tel3.png
145,https://webgenericpharmacyonline24.com/templates/pr11082016trustedpharmacy_green/img/banner_foot.png
146,https://webgenericpharmacyonline24.com/templates/pr11082016trustedpharmacy_green/img/logo.png
147,https://webgenericpharmacyonline24.com/templates/pr11082016trustedpharmacy_green/img/logo-xs.png
148,https://webgenericpharmacyonline24.com/templates/pr11082016trustedpharmacy_green/img/tel1.png
149,https://webgenericpharmacyonline24.com/templates/pr11082016trustedpharmacy_green/img/tel2.png
150,https://webgenericpharmacyonline24.com/templates/pr11082016trustedpharmacy_green/img/tel3.png
151,https://webgenericpharmacyonline24.com/templates/pr11082016trustedpharmacy_green/img/tel1.png
152,https://webgenericpharmacyonline24.com/templates/pr11082016trustedpharmacy_green/img/tel2.png
153,https://webgenericpharmacyonline24.com/templates/pr11082016trustedpharmacy_green/img/tel3.png
154,https://webgenericpharmacyonline24.com/templates/pr11082016trustedpharmacy_green/img/discount.png
155,https://medicationsoverthecounter.com/wp-content/uploads/2022/04/liverpools.jpg
156,https://medicationsoverthecounter.com/wp-content/uploads/2022/04/vingil-foden.jpg
157,https://www.clinixplus.com/product_images/logo.jpg
158,https://www.clinixplus.com/product_images/b/718/Generic_Temazepam_Eggs_30mg_x_50_Eggs1__87132_zoom__57780_zoom__32126_thumb.jpg
159,https://www.clinixplus.com/product_images/m/515/Deca_Durabolin_100mg_ml_Organon_x_1_amp1__31142_zoom__19580_zoom__89337_thumb.jpg
160,https://www.clinixplus.com/product_images/y/287/Norco.preview__04561_zoom__82691_zoom__95056_thumb.jpg
161,https://www.clinixplus.com/product_images/w/616/76_123_pk-500x500__26510_thumb.jpg
162,https://www.clinixplus.com/product_images/l/992/Valium_10mg_by_Roche_x_1_strip1__86345_zoom__40252_thumb.jpg
163,https://www.clinixplus.com/product_images/y/158/oxymethlone_2__29146_zoom__38220_thumb.jpg
164,https://www.clinixplus.com/product_images/f/936/stanozolol_winstrol__43542_zoom__27365_thumb.jpg
165,https://www.clinixplus.com/product_images/c/258/Danabol_DS_10mg_by_Body_Research1__59738_zoom__46261_thumb.jpg
166,https://www.clinixplus.com/product_images/i/303/LASIX_40mg1__42286_zoom__10217_thumb.jpg
167,https://www.clinixplus.com/product_images/c/595/Glucophage_%28Metformin1__21352_zoom__02993_thumb.jpg
168,https://www.clinixplus.com/product_images/h/818/ANABOL_5MG__54547_zoom__00231_thumb.jpg
169,https://www.clinixplus.com/product_images/t/286/Anavar_5mg1__75871_zoom__96825_thumb.jpg
170,https://www.clinixplus.com/product_images/p/343/Androlic_%28Oxymetholone%29_50mg_by_British_Dispensary1__47190_zoom__01222_thumb.jpg
171,https://www.clinixplus.com/product_images/e/432/ritalin_1__21452_zoom__14708_thumb.jpg
172,https://www.clinixplus.com/product_images/n/769/23122011001__69135_zoom__03685_thumb.jpg
173,https://www.clinixplus.com/product_images/t/257/23122011010__83118_zoom__57988_thumb.jpg
174,https://www.clinixplus.com/product_images/d/066/Tamoxifen_%28Nolvadex%29_20mg_x_100_Tablets1__03739_zoom__84976_thumb.jpg
175,https://www.clinixplus.com/product_images/u/499/bayer_proviron25mg-2__29526_zoom__89076_thumb.jpg
176,https://www.clinixplus.com/product_images/v/995/we__30521_zoom__60801_thumb.jpg
177,https://www.clinixplus.com/product_images/f/671/sss__78146_zoom__50099_thumb.jpg
178,https://www.clinixplus.com/product_images/i/691/IMG_2589__79599_zoom__04286_thumb.jpg
179,https://www.clinixplus.com/product_images/n/692/Generic_Dronabol_DS_10__15446_zoom__83409_thumb.jpg
180,https://www.clinixplus.com/product_images/x/079/epizep__91790_zoom__72286_thumb.jpg
181,https://www.clinixplus.com/product_images/o/958/images__92463_zoom__37318_thumb.jpg
182,https://www.clinixplus.com/product_images/h/671/images__03081_zoomaa__49125_thumb.jpg
183,https://www.clinixplus.com/product_images/u/346/Zonor_%28Buprenorphine%29_0.2mg__41988_zoom__01775_thumb.jpg
184,https://www.clinixplus.com/product_images/m/305/proscar-300x240__01526_zoom__80699_zoom__81796_thumb.jpg
185,https://www.clinixplus.com/product_images/f/904/Proscar_%28Finasteride%29_5mg__40807_zoom__63727_thumb.jpg
186,https://www.clinixplus.com/product_images/k/555/3codone_80__64358_zoom__16208_thumb.jpg
187,https://www.clinixplus.com/product_images/t/063/Oxandralone_Bonavar__74330_zoom__85820_thumb.jpg
188,https://www.clinixplus.com/product_images/q/492/Testolic_%28Testosterone_Propionate%29_1__77830_zoom__85935_thumb.jpg
189,https://www.clinixplus.com/product_images/p/869/winstrol__06271_zoom__00532_thumb.jpg
190,https://www.clinixplus.com/product_images/s/171/Testonon_250mg_Generic_Sustanon__62851_zoom__15908_thumb.jpg
191,https://www.clinixplus.com/product_images/s/677/sustanon_250mg_1_ml_from_organon_pakistan__64139_zoom__56373_thumb.jpg
192,https://www.clinixplus.com/product_images/e/530/Sustanon_250mg_Organon_1__89792_zoom__91076_thumb.jpg
193,https://www.clinixplus.com/product_images/h/484/Sustanon_250mg_Organon_1__89792_zoom__26535_thumb.jpg
194,https://www.clinixplus.com/product_images/k/747/Primobolan_depot_100mg1__22559_zoom__42082_thumb.jpg
195,https://www.clinixplus.com/product_images/d/843/Pregnyl_HCG_5000_i.u._by_Organon_x_1_amp1__93587_zoom__74856_thumb.jpg
196,https://www.clinixplus.com/product_images/n/940/images_%283%29__34176_zoom__29086_thumb.jpg
197,https://www.clinixplus.com/product_images/m/229/Deca_Durabolin_250mg1__68163_zoom__86084_thumb.jpg
198,https://www.clinixplus.com/product_images/q/852/Deca_Durabolin_100mg_ml_Organon_x_1_amp1__31142_zoom__09454_thumb.jpg
199,https://www.clinixplus.com/product_images/m/948/Deca_Durabolin_100mg_ml_Organon_x_1_amp1__04613_zoom__03293_thumb.jpg
200,https://www.clinixplus.com/product_images/q/067/Cypionax_%28Testosterone_Cypionate%29_2ml_by_Body_Research_x_1_amp1__45380_zoom__93613_thumb.jpg
201,https://www.clinixplus.com/product_images/j/430/Winstrol_%28Stanazolol%29_50mg1__46639_zoom__36641_thumb.jpg
202,https://www.clinixplus.com/product_images/p/989/Sell_HMG_Massone_injection__46334_zoom__57761_thumb.jpg
203,https://www.clinixplus.com/product_images/s/328/Denkall_Test_400_Mexico_%28Testosterone_Blend%29_400mg1__64099_zoom__81483_thumb.jpg
204,https://www.clinixplus.com/product_images/h/437/Ketasol_HCL_100mg12__57637_zoom__46213_thumb.jpg
205,https://www.clinixplus.com/product_images/y/270/KETAROL_1__64209_zoom__01011_thumb.jpg
206,https://www.clinixplus.com/product_images/w/046/Ketamax_HCL_500mg1__46041_zoom__87879_thumb.jpg
207,https://www.clinixplus.com/product_images/t/161/Calypsol_HCL_500mg1__52357_zoom__17118_thumb.jpg
208,https://www.clinixplus.com/product_images/k/622/Humatrope_5mg_15_IU_by_Eli-Lilly_x_1_Pack1__62589_zoom__72093_thumb.jpg
209,https://www.clinixplus.com/product_images/v/995/2526807_watson540__13390_zoom__51107_zoom__34756_thumb.jpg
210,https://www.clinixplus.com/product_images/b/988/IMG_2591__47247_zoom__67537_thumb.jpg
211,https://www.clinixplus.com/product_images/i/559/article___81770_zoom__59677_thumb.jpg
212,https://www.clinixplus.com/product_images/i/418/Tramadolor_long_100mg_10_RTabs_Hexal__72367_zoom__45573_thumb.jpg
213,https://www.clinixplus.com/product_images/d/390/TONOFLEX_TRAMADOL__39648_zoom__48177_thumb.jpg
214,https://www.clinixplus.com/product_images/m/889/Sosetiech_%28Pentazocine%29_30mg_ml_by_Uni-Tiech_Pharma_x_5_Amps1__49492_zoom__50333_thumb.jpg
215,https://www.clinixplus.com/product_images/m/484/Soseno_%28_Pentazocine_%29_30mg1__26146_zoom__12513_thumb.jpg
216,https://www.clinixplus.com/product_images/g/787/Magnus_MR__72954_zoom__92656_thumb.jpg
217,https://www.clinixplus.com/product_images/i/639/kinz__50257_zoom__45067_thumb.jpg
218,https://www.clinixplus.com/product_images/y/220/Kinz_Nalbuphine_20mg1__55719_zoom__65741_thumb.jpg
219,https://www.clinixplus.com/product_images/h/112/Codogesic_Codeine2__72482_zoom__06740_thumb.jpg
220,https://www.clinixplus.com/product_images/w/602/burepen_1__80361_zoom__38036_thumb.jpg
221,https://www.clinixplus.com/product_images/z/803/Bunex_%28Buprenorphine%29_0.2mg1__31265_zoom__40939_thumb.jpg
222,https://www.clinixplus.com/product_images/k/015/Buepron_%28Buprenorphine%29_0.30mg_ml_by_Sami_Pharma_x_5_Amps1__84262_zoom__69733_thumb.jpg
223,https://www.clinixplus.com/product_images/t/570/Ephedrine_HCL_White__66357_zoom__17663_thumb.jpg
224,https://www.clinixplus.com/product_images/p/968/Ephedrine__44473_zoom__99308_thumb.jpg
225,https://www.clinixplus.com/product_images/c/835/Ephedrine__06196_zoom__05805_thumb.jpg
226,https://www.clinixplus.com/product_images/v/544/Silagra1__18028_zoom__98000_thumb.jpg
227,https://www.clinixplus.com/product_images/u/439/Nizagara1__00591_zoom__24236_thumb.jpg
228,https://www.clinixplus.com/product_images/d/702/Lovegra_%28Sildenafil_Citrate%29_100mg_by_Ajanta_Pharma_x_100_Tablets1__22639_zoom__49617_thumb.jpg
229,https://www.clinixplus.com/product_images/r/967/Kamagra_%28Sildenafil_Citrate%29_100mg_1__41972_zoom__65495_thumb.jpg
230,https://www.clinixplus.com/product_images/e/574/Kamagra_%28Sildenafil_Citrate%29_Oral_Jelly_100mg1__21011_zoom__64206_thumb.jpg
231,https://www.clinixplus.com/product_images/i/467/filagra-green-100mg-mi-132203-1__61956_zoom__95064_zoom__85564_thumb.jpg
232,https://www.clinixplus.com/product_images/n/070/Vega_%28Sildenafil_Citrate%29_100mg_by_HAB_Pharma1__73912_zoom__52413_thumb.jpg
233,https://www.clinixplus.com/product_images/w/161/Sustanon_250mg_Organon_1__89792_zoom__89652_thumb.jpg
234,https://www.clinixplus.com/product_images/d/098/penagra__36736__46162_zoom__42086_thumb.jpg
235,https://www.clinixplus.com/product_images/z/247/Cialis_%28Tadalifil_Citrate%29_20mg1__18126_zoom__80718_thumb.jpg
236,https://www.clinixplus.com/product_images/v/425/Ambien_Zolpedem_10_mg__80304_zoom__06192_thumb.jpg
237,https://www.clinixplus.com/product_images/k/906/10ml_Syringe1__76648_zoom__47255_thumb.jpg
238,https://www.clinixplus.com/product_images/t/469/10ml_Syringe1__76648_zoom__79635_thumb.jpg
239,https://www.clinixplus.com/product_images/u/688/10ml_Syringe1__76648_zoom__95804_thumb.jpg
240,https://www.clinixplus.com/product_images/m/096/Thyroxine_%28T4_%29Tabs_50mcg_x_100_tabs1__47678_zoom__00097_thumb.jpg
241,https://www.clinixplus.com/product_images/j/618/T3-Cytomel_100_mcg_LA_Pharma_x_100_tabs1__40748_zoom__89095_thumb.jpg
242,https://www.clinixplus.com/product_images/o/231/Orlifit_%28Orlistat%29_120mg__41554_zoom__98921_thumb.jpg
243,https://www.clinixplus.com/product_images/n/082/For_the_management_of_obesity_including_weight_loss_and_weight_maintenance_when_used_in_conjunction_with_a_reduced_calorie_diet.1__16048_zoom__46980_thumb.jpg
244,https://www.clinixplus.com/product_images/p/321/For_the_management_of_obesity_including_weight_loss_and_weight_maintenance_when_used_in_conjunction_with_a_reduced_calorie_diet.1__16048_zoom__83515_thumb.jpg
245,https://www.clinixplus.com/product_images/j/919/Kalgary_%28Sibutramine_HCL%29_15mg_by_Tagma_Pharma_x_1_Pack1__32019_zoom__93907_thumb.jpg
246,https://www.clinixplus.com/product_images/k/244/Ephedrine_HCL_30mg__31918_zoom__88684_thumb.jpg
247,https://www.clinixplus.com/product_images/b/448/cleav1__09759_zoom__88089_thumb.jpg
248,https://www.clinixplus.com/product_images/h/894/fg__72083_zoom__27675_thumb.jpg
249,https://www.clinixplus.com/product_images/j/101/fg__67131_zoom__33413_thumb.jpg
250,https://www.clinixplus.com/product_images/o/164/zimovane__45562_zoom__79587_thumb.jpg
251,https://www.clinixplus.com/product_images/q/681/11111__74334_zoom__42504_thumb.jpg
252,https://www.clinixplus.com/product_images/j/417/ONAX__42676_zoom__80853_thumb.jpg
253,https://www.clinixplus.com/product_images/x/741/ONAX__42676_zoom__43561_thumb.jpg
254,https://www.clinixplus.com/product_images/j/149/ONAX__42676_zoom__16055_thumb.jpg
255,https://www.clinixplus.com/product_images/p/568/ONAX__42676_zoom__14297_thumb.jpg
256,https://www.clinixplus.com/product_images/c/909/Xanax_%28Alprazolam%29_Onax_1mg_1__48067_zoom__73831_thumb.jpg
257,https://www.clinixplus.com/product_images/s/359/Xanax_%28Alprazolam%29_ALP_1mg_1__43127_zoom__26366_thumb.jpg
258,https://www.clinixplus.com/product_images/n/590/Xanax_%28Alprazolam%29_1mg1__44621_zoom__61304_thumb.jpg
259,https://www.clinixplus.com/product_images/l/165/Xanax_%28Alprazolam%29_1mg1__44621_zoom__95543_thumb.jpg
260,https://www.clinixplus.com/product_images/t/693/Valium_5mg_by_Roche_x_1_Blister1__20964_zoom__85417_thumb.jpg
261,https://www.clinixplus.com/product_images/x/071/Valium_5mg_by_Roche_x_1_Blister1__20964_zoom__80923_thumb.jpg
262,https://www.clinixplus.com/product_images/b/257/Valium_5mg_by_Roche_x_1_Blister1__20964_zoom__59234_thumb.jpg
263,https://www.clinixplus.com/product_images/d/989/Valium_5mg_by_Roche_x_1_Blister1__20964_zoom__27990_thumb.jpg
264,https://www.clinixplus.com/product_images/b/552/Valium_5mg_by_Roche_x_1_Blister1__20964_zoom__14668_thumb.jpg
265,https://www.clinixplus.com/product_images/u/566/Valium_5mg_by_Roche_x_1_Blister1__20964_zoom__47142_thumb.jpg
266,https://www.clinixplus.com/product_images/u/159/Valium_5mg_by_Roche_x_1_Blister1__20964_zoom__35284_thumb.jpg
267,https://www.clinixplus.com/product_images/s/196/Valium_5mg_by_Roche_x_1_Blister1__20964_zoom__87056_thumb.jpg
268,https://www.clinixplus.com/product_images/d/476/Valium_10mg_by_Roche_x_1_strip1__71347_zoom__99993_thumb.jpg
269,https://www.clinixplus.com/product_images/u/962/Valium_10mg_by_Roche_x_1_strip1__71347_zoom__80221_thumb.jpg
270,https://www.clinixplus.com/product_images/m/450/Valium_10mg_by_Roche_x_1_strip1__71347_zoom__17759_thumb.jpg
271,https://www.clinixplus.com/product_images/r/548/Valium_10mg_by_Roche_x_1_strip1__71347_zoom__23657_thumb.jpg
272,https://www.clinixplus.com/product_images/b/433/Valium_10mg_by_Roche_x_1_strip1__71347_zoom__84263_thumb.jpg
273,https://www.clinixplus.com/product_images/d/935/Valium_10mg_by_Roche_x_1_strip1__71347_zoom__29375_thumb.jpg
274,https://www.clinixplus.com/product_images/h/770/Valium_10mg_by_Roche_x_1_strip1__71347_zoom__73248_thumb.jpg
275,https://www.clinixplus.com/product_images/p/364/Adderall__58466_zoom__51150_thumb.jpg
276,https://www.clinixplus.com/product_images/e/432/ritalin_1__21452_zoom__14708_thumb.jpg
277,https://www.clinixplus.com/product_images/b/718/Generic_Temazepam_Eggs_30mg_x_50_Eggs1__87132_zoom__57780_zoom__32126_thumb.jpg
278,https://www.clinixplus.com/product_images/e/361/Pinix_%28Alprazolam%29_1mg_by_Adamjee_Pharma_x_1_Blister1__39979_zoom__16233_thumb.jpg
279,https://www.clinixplus.com/product_images/c/909/Xanax_%28Alprazolam%29_Onax_1mg_1__48067_zoom__73831_thumb.jpg
280,https://www.clinixplus.com/product_images/h/774/Restoril_%28Temazepam%29_30mg_Novartis_x_1_strip1__56098_zoom__62879_thumb.jpg
281,https://www.clinixplus.com/product_images/k/906/10ml_Syringe1__76648_zoom__47255_thumb.jpg
282,https://www.clinixplus.com/product_images/g/787/Magnus_MR__72954_zoom__92656_thumb.jpg
283,https://www.clinixplus.com/product_images/e/361/Pinix_%28Alprazolam%29_1mg_by_Adamjee_Pharma_x_1_Blister1__39979_zoom__16233_thumb.jpg
284,https://www.clinixplus.com/product_images/u/566/Valium_5mg_by_Roche_x_1_Blister1__20964_zoom__47142_thumb.jpg
285,https://medipk.com/product_images/medipk.jpg
286,https://medipk.com/product_images/y/693/Ketamax_HCl__79981_zoom__77459_thumb.jpg
287,https://medipk.com/product_images/b/805/onax_2mg_bar_by_safe_pharma__27815_zoom__02612_thumb.jpg
288,https://medipk.com/product_images/j/181/Pinix__53010_zoom__66409_thumb.jpg
289,https://medipk.com/product_images/j/069/valium_10mg__60847_zoom__36000_thumb.jpg
290,https://medipk.com/product_images/f/341/masteron_v_100mg_vial__27339_zoom__84153_thumb.jpg
291,https://medipk.com/product_images/h/105/tramadol_100_mg__27459_zoom__28679_thumb.jpg
292,https://medipk.com/product_images/d/256/Kinz_1__29490_zoom__91306_thumb.jpg
293,https://medipk.com/product_images/b/846/Ambien__77788_zoom__07810_thumb.jpg
294,https://medipk.com/product_images/n/609/Ritalin__23877_zoom__51412_thumb.jpg
295,https://medipk.com/product_images/o/677/17__65618_thumb.jpg
296,https://medipk.com/product_images/s/308/q__85655_zoom__16006_thumb.jpg
297,https://medipk.com/product_images/f/903/atvan__72713_zoom__47859_thumb.jpg
298,https://medipk.com/product_images/k/777/Magnus_MR1__54465_zoom__99482_thumb.jpg
299,https://medipk.com/product_images/p/089/Sustanon_Injection_250__84584_zoom__69535_thumb.jpg
300,https://medipk.com/product_images/m/334/Orlis__81383_zoom__15449_thumb.jpg
301,https://medipk.com/product_images/g/211/orslim__68899_zoom__45985_thumb.jpg
302,https://medipk.com/product_images/y/490/Vicodin-ES-Hydrocodone-Bitratrate-Acetaminophen1kkkkkkkkk__96971_thumb.jpg
303,https://medipk.com/product_images/u/913/lomiphene1__84673_zoom__49480_thumb.jpg
304,https://medipk.com/product_images/r/732/Zonor__78948_zoom__77159_thumb.jpg
305,https://medipk.com/product_images/k/739/tonoflex_50mg_capsules__48787_zoom__61556_thumb.jpg
306,https://medipk.com/product_images/c/163/proscar__77831_zoom__24709_thumb.jpg
307,https://medipk.com/product_images/h/204/Ketasol__2ml_injection__93072_zoom__45748_thumb.jpg
308,https://medipk.com/product_images/v/348/Roxycodone_30mg__48858_zoom__37714_thumb.png
309,https://medipk.com/product_images/f/328/Epizep2__85325_zoom__48951_thumb.jpg
310,https://medipk.com/product_images/j/181/Pinix__53010_zoom__66409_thumb.jpg
311,https://medipk.com/product_images/b/846/Ambien__77788_zoom__07810_thumb.jpg
312,https://medipk.com/product_images/k/088/rital__10052_zoom__57219_thumb.jpg
313,https://medipk.com/product_images/c/826/Hynidate__68771_zoom__80274_thumb.jpg
314,https://medipk.com/product_images/a/523/viagra_1__66937_zoom__91077_thumb.jpg
315,https://medipk.com/product_images/p/776/Vega_100__26257_zoom__38116_thumb.jpg
316,https://medipk.com/product_images/o/744/Penagra__35222_zoom__00802_thumb.jpg
317,https://medipk.com/product_images/l/386/Kamagra-100__99704_zoom__54039_thumb.jpg
318,https://medipk.com/product_images/v/857/kamagra_rose_flavor__59187_zoom__28306_thumb.jpg
319,https://medipk.com/product_images/l/600/Kamagra_Pineapple_Flavour__51614_zoom__04554_thumb.jpg
320,https://medipk.com/product_images/u/262/Kamagra_Cherry_Flavour__90088_zoom__55355_thumb.jpg
321,https://medipk.com/product_images/u/238/Kamagra_Black_Currant_Flavour__02908_zoom__07961_thumb.jpg
322,https://medipk.com/product_images/x/466/Cialis__04323_zoom__10209_thumb.jpg
323,https://medipk.com/product_images/m/529/cobra1__07557_zoom__73077_thumb.jpg
324,https://medipk.com/product_images/h/105/tramadol_100_mg__27459_zoom__28679_thumb.jpg
325,https://medipk.com/product_images/k/777/Magnus_MR1__54465_zoom__99482_thumb.jpg
326,https://medipk.com/product_images/z/947/Codogesic__76342_zoom__64522_thumb.jpg
327,https://medipk.com/product_images/r/985/tonoflex_sr_tablets__13852_zoom__01620_thumb.jpg
328,https://medipk.com/product_images/o/070/stock4__58525_zoom__16216_thumb.jpg
329,https://medipk.com/product_images/x/822/Stanozolol__46879_zoom__38848_thumb.jpg
330,https://medipk.com/product_images/t/309/oxymetholone-ih-50-27743-zoom__67768_thumb.jpg
331,https://medipk.com/product_images/m/947/bonavar1__22254_zoom__18063_thumb.jpg
332,https://medipk.com/product_images/e/953/Lasix_40mg_1__20357_zoom__00706_thumb.jpg
333,https://medipk.com/product_images/a/654/Glucophage__25047_zoom__41869_thumb.jpg
334,https://medipk.com/product_images/v/174/Danabol_DS__46263_zoom__73862_thumb.jpg
335,https://medipk.com/product_images/k/272/ardin__88278_zoom__79052_thumb.jpg
336,https://medipk.com/product_images/q/333/Androlic__05616_zoom__50812_thumb.jpg
337,https://medipk.com/product_images/n/245/Oxandrolone__09855_zoom__49280_thumb.jpg
338,https://medipk.com/product_images/f/145/Oxandrolone_10mg__26944_zoom__78028_thumb.jpg
339,https://medipk.com/product_images/k/870/anabol1__89362_zoom__76753_thumb.jpg
340,https://medipk.com/product_images/e/616/calypsol_inj_500_mg_10ml_usp__93850_zoom__64018_thumb.jpg
341,https://medipk.com/product_images/m/853/Trenbolan_finexal__63556_zoom__02371_thumb.jpg
342,https://medipk.com/product_images/f/341/masteron_v_100mg_vial__27339_zoom__84153_thumb.jpg
343,https://medipk.com/product_images/w/531/IVF-C_5000_IU_Injection__68919_zoom__35464_thumb.jpg
344,https://medipk.com/product_images/n/328/Humulin_2__91591_zoom__69514_thumb.jpg
345,https://medipk.com/product_images/w/871/winstrol_depot__51917_zoom__41031_thumb.jpg
346,https://medipk.com/product_images/d/688/Valium_10_mg_Injection__62136_zoom__28722_thumb.jpg
347,https://medipk.com/product_images/v/458/tonoflex_tramadol_hcl_2ml_copy__30760_zoom__95298_thumb.jpg
348,https://medipk.com/product_images/e/322/testoviron-12331-zoom-1-__37255_thumb.jpg
349,https://medipk.com/product_images/u/159/Testosteron_enanthate_by_Geofman__65144_zoom__49138_thumb.jpg
350,https://medipk.com/product_images/u/914/viagra__09026_zoom__47775_thumb.jpg
351,https://medipk.com/product_images/e/805/Testonon1__29724_zoom__08332_thumb.jpg
352,https://medipk.com/product_images/c/910/testolic-15429-zoom__17663_thumb.jpg
353,https://medipk.com/product_images/d/127/SUST__49315_zoom__49858_thumb.jpg
354,https://medipk.com/product_images/p/089/Sustanon_Injection_250__84584_zoom__69535_thumb.jpg
355,https://medipk.com/product_images/m/330/Sosetiech__56756_zoom__60492_thumb.jpg
356,https://medipk.com/product_images/p/434/Primobolan__48756_zoom__08330_thumb.jpg
357,https://medipk.com/product_images/c/394/Pregnyl_5000_new__16798_zoom__44102_thumb.jpg
358,https://medipk.com/product_images/f/002/Pregnyl_1500__66502_zoom__52617_thumb.jpg
359,https://medipk.com/product_images/q/796/Nalbin__65785_zoom__41971_thumb.jpg
360,https://medipk.com/product_images/d/256/Kinz_1__29490_zoom__91306_thumb.jpg
361,https://medipk.com/product_images/z/193/kinz__82416_zoom__97017_thumb.jpg
362,https://medipk.com/product_images/t/230/Ketasol__2ml_injection__93072_zoom__49837_thumb.jpg
363,https://medipk.com/product_images/m/157/ketarol_10ml__22348_zoom__06930_thumb.jpg
364,https://medipk.com/product_images/y/693/Ketamax_HCl__79981_zoom__77459_thumb.jpg
365,https://medipk.com/product_images/a/326/HMG_Massone__62305_zoom__77860_thumb.jpg
366,https://medipk.com/product_images/h/364/test_400__42139_zoom__74870_thumb.jpg
367,https://medipk.com/product_images/z/004/deca_durabolin_10mg_vial_by_holland__41154_zoom__99194_thumb.jpg
368,https://medipk.com/product_images/a/164/Cypionax__66032_zoom__81201_thumb.jpg
369,https://medipk.com/product_images/j/994/Deca_Durabolin__80709_zoom__14374_thumb.jpg
370,https://medipk.com/product_images/e/121/Bunex_Injection__91188_zoom__99521_thumb.jpg
371,https://medipk.com/product_images/s/800/Buepron__14745_zoom__14416_thumb.jpg
372,https://medipk.com/product_images/k/467/testofort__33112_zoom__55299_thumb.jpg
373,https://medipk.com/product_images/b/455/Humatrope__29424_zoom__22205_thumb.jpg
374,https://medipk.com/product_images/j/215/Oxycodone_50mg__78000_zoom__60805_thumb.jpg
375,https://medipk.com/product_images/i/797/morphine_injection__17655_zoom__20437_thumb.jpg
376,https://medipk.com/product_images/u/454/diazepam_5mg_star_bottle__88074_zoom__93775_thumb.jpg
377,https://medipk.com/product_images/p/124/morphine_sulphaite__74872_zoom__35468_thumb.jpg
378,https://medipk.com/product_images/z/416/morphine_diacetyl__39274_zoom__65496_thumb.jpg
379,https://medipk.com/product_images/n/609/Ritalin__23877_zoom__51412_thumb.jpg
380,https://medipk.com/product_images/t/181/stock__65949_zoom__80658_thumb.jpg
381,https://medipk.com/product_images/d/915/nobese__42500_zoom__05462_thumb.jpg
382,https://medipk.com/product_images/z/697/Kalgray__17846_zoom__71026_thumb.jpg
383,https://medipk.com/product_images/x/261/globodrin_ephedrine__18128_zoom__77426_thumb.jpg
384,https://medipk.com/product_images/f/442/Ephedrine_HCL_B__87066_zoom__81944_thumb.jpg
385,https://medipk.com/product_images/r/362/clenbuterol_20__mcg__98533_zoom__81362_thumb.jpg
386,https://medipk.com/product_images/d/991/Accent__15479_zoom__20640_thumb.jpg
387,https://medipk.com/product_images/t/274/Proviron__59765_zoom__41321_thumb.jpg
388,https://medipk.com/product_images/z/832/Nolvadex-d_20mg__30300_zoom__96206_thumb.jpg
389,https://medipk.com/product_images/j/789/Nolvadex_10mg__20790_zoom__04336_thumb.jpg
390,https://medipk.com/product_images/z/817/hope__75293_zoom__95946_thumb.jpg
391,https://medipk.com/product_images/k/484/Clomid_50mg__98484_zoom__92925_thumb.jpg
392,https://medipk.com/product_images/i/970/Arimidex__86359_zoom__79973_thumb.jpg
393,https://medipk.com/product_images/a/436/Zimovane__64721_zoom__48921_thumb.jpg
394,https://medipk.com/product_images/x/844/Xolnox__22536_zoom__30066_thumb.jpg
395,https://medipk.com/product_images/b/805/onax_2mg_bar_by_safe_pharma__27815_zoom__02612_thumb.jpg
396,https://medipk.com/product_images/v/812/Xanax_1mg_by_parke-davis__55452_zoom__76172_thumb.jpg
397,https://medipk.com/product_images/f/404/valium_10mg_by_roche_loose__61606_zoom__01114_thumb.jpg
398,https://medipk.com/product_images/j/542/Valium_5mg_by_roche__54092_zoom__78893_thumb.jpg
399,https://medipk.com/product_images/j/069/valium_10mg__60847_zoom__36000_thumb.jpg
400,https://medipk.com/product_images/z/538/Syringe__12742_zoom__39861_thumb.jpg
401,https://medipk.com/product_images/s/029/stilnox2__30107_zoom__90224_thumb.jpg
402,https://medipk.com/product_images/w/156/diazepam_somaid_10mg_by_grays_pharma__21110_zoom__85444_thumb.jpg
403,https://medipk.com/product_images/z/667/Rivotril_2mg__91013_zoom__01770_thumb.jpg
404,https://medipk.com/product_images/a/324/Restorill__72963_zoom__62261_thumb.jpg
405,https://medipk.com/product_images/w/609/Pinix__53010_zoom__52562_thumb.jpg
406,https://medipk.com/product_images/h/828/onax_1mg_by_safe_pharma__84612_zoom__95787_thumb.jpg
407,https://medipk.com/product_images/o/842/Noctamid__40988_zoom__39662_thumb.jpg
408,https://medipk.com/product_images/p/358/Mogadon__04438_zoom__93529_thumb.jpg
409,https://medipk.com/product_images/d/287/Lexotanil__40641_zoom__29578_thumb.jpg
410,https://medipk.com/product_images/i/287/Lexilium_3mg__91922_zoom__68496_thumb.jpg
411,https://medipk.com/product_images/o/677/17__65618_thumb.jpg
412,https://medipk.com/product_images/s/423/keta_500gm__09888_zoom__97571_thumb.jpg
413,https://medipk.com/product_images/f/755/keta_1000gm__73025_zoom__61988_thumb.jpg
414,https://medipk.com/product_images/r/359/hypnotil__58074_zoom__95979_thumb.jpg
415,https://medipk.com/product_images/z/793/Hynidate_1__04412_zoom__85082_thumb.jpg
416,https://medipk.com/product_images/m/528/temazepam_jelly__07557_zoom__29949_thumb.jpg
417,https://medipk.com/product_images/n/697/temazepam_jelly__07557_zoom__83181_thumb.jpg
418,https://medipk.com/product_images/v/595/Daz_10mg_Bottle__17801_zoom__95138_thumb.jpg
419,https://medipk.com/product_images/d/334/Frisium_10mg__91690_zoom__70739_thumb.jpg
420,https://medipk.com/product_images/o/712/Dormicum__76985_zoom__78847_thumb.jpg
421,https://medipk.com/product_images/f/682/Dextripam_10mg__73404_zoom__90681_thumb.jpg
422,https://medipk.com/product_images/v/043/Daz_5mg__82888_zoom__93548_thumb.jpg
423,https://medipk.com/product_images/u/809/Daz_10mg_by_safe_pharma__46884_zoom__94300_thumb.jpg
424,https://medipk.com/product_images/n/808/Bunex__72094_zoom__32896_thumb.jpg
425,https://medipk.com/product_images/f/903/atvan__72713_zoom__47859_thumb.jpg
426,https://medipk.com/product_images/p/372/ALP__20159_zoom__74035_thumb.jpg
427,https://medipk.com/product_images/s/308/q__85655_zoom__16006_thumb.jpg
428,https://medipk.com/product_images/b/805/onax_2mg_bar_by_safe_pharma__27815_zoom__02612_thumb.jpg
429,https://medipk.com/product_images/s/308/q__85655_zoom__16006_thumb.jpg
430,https://medipk.com/product_images/j/542/Valium_5mg_by_roche__54092_zoom__78893_thumb.jpg
431,https://medipk.com/product_images/j/069/valium_10mg__60847_zoom__36000_thumb.jpg
432,https://medipk.com/product_images/u/809/Daz_10mg_by_safe_pharma__46884_zoom__94300_thumb.jpg
433,https://medipk.com/product_images/m/334/Orlis__81383_zoom__15449_thumb.jpg
434,https://medipk.com/product_images/g/211/orslim__68899_zoom__45985_thumb.jpg
435,https://medipk.com/product_images/y/490/Vicodin-ES-Hydrocodone-Bitratrate-Acetaminophen1kkkkkkkkk__96971_thumb.jpg
436,https://medipk.com/product_images/u/913/lomiphene1__84673_zoom__49480_thumb.jpg
437,https://medipk.com/product_images/r/732/Zonor__78948_zoom__77159_thumb.jpg
438,https://medipk.com/product_images/m/528/temazepam_jelly__07557_zoom__29949_thumb.jpg
439,https://medipk.com/product_images/w/156/diazepam_somaid_10mg_by_grays_pharma__21110_zoom__85444_thumb.jpg
440,https://medipk.com/product_images/v/595/Daz_10mg_Bottle__17801_zoom__95138_thumb.jpg
441,https://medipk.com/product_images/d/688/Valium_10_mg_Injection__62136_zoom__28722_thumb.jpg
442,https://medipk.com/product_images/f/328/Epizep2__85325_zoom__48951_thumb.jpg
443,https://buymeds4less.comimages/design/logo.png
444,https://buymeds4less.comhttp://www.meds.com.mx/images/left_facebook.png
445,https://buymeds4less.comhttp://www.meds.com.mx/images/youtube.png
446,https://buymeds4less.comhttp://www.meds.com.mx/images/left_twitter.png
447,https://buymeds4less.comhttp://www.meds.com.mx/images/left_pinterest.png
448,https://buymeds4less.comimages/design/details.png
449,https://buymeds4less.comimages/z1.jpg
450,https://buymeds4less.comimages/g4.jpg
451,https://buymeds4less.comimages/1b.png
452,https://buymeds4less.comimages/flash.png
453,https://buymeds4less.comimages/z4.jpg
454,https://buymeds4less.comimages/z3.jpg
455,https://buymeds4less.comimages/gushers2.jpg
456,https://buymeds4less.comimages/image12.png
457,https://buymeds4less.comimages/z5.jpg
458,https://buymeds4less.comimages/g5.jpg
459,https://buymeds4less.comimages/g3.jpg
460,https://buymeds4less.comimages/6.jpg
461,https://buymeds4less.comimages/7501088504624.png
462,https://buymeds4less.comimages/7501059225411.jpg
463,https://buymeds4less.comimages/7501101600067.jpg
464,https://buymeds4less.comimages/7501258214414.jpg
465,https://buymeds4less.comimages/7503007822918.jpg
466,https://buymeds4less.comimages/7503007822901.jpg
467,https://buymeds4less.comimages/7503007822895.jpg
468,https://buymeds4less.comimages/891671002239.jpg
469,https://buymeds4less.comimages/891671002215.png
470,https://buymeds4less.comimages/banner52.png
471,https://buymeds4less.comimages/7501100076092.jpg
472,https://buymeds4less.comimages/maxifort-100mg-10tab.jpg
473,https://buymeds4less.comimages/extlinks/seal1.png
474,https://buymeds4less.comimages/seal3.png
475,https://buymeds4less.comimages/association.jpg
476,https://buymeds4less.comimages/canaco.jpg
477,https://buymeds4less.comimages/Anaf.png
478,https://buymeds4less.comimages/Cofepris.png
479,https://buymeds4less.comimages/ws.jpg
480,https://buymeds4less.comimages/PLM.png
481,https://buymeds4less.comimages/factura.png
482,https://buymeds4less.comimages/4455.jpg
483,https://buymeds4less.comimages/b66.png
484,https://buyrxmedsnow.comimages/design/logo.png
485,https://buyrxmedsnow.comhttp://www.meds.com.mx/images/left_facebook.png
486,https://buyrxmedsnow.comhttp://www.meds.com.mx/images/youtube.png
487,https://buyrxmedsnow.comhttp://www.meds.com.mx/images/left_twitter.png
488,https://buyrxmedsnow.comhttp://www.meds.com.mx/images/left_pinterest.png
489,https://buyrxmedsnow.comimages/design/details.png
490,https://buyrxmedsnow.comimages/z3.jpg
491,https://buyrxmedsnow.comimages/g4.jpg
492,https://buyrxmedsnow.comimages/flash.png
493,https://buyrxmedsnow.comimages/1b.png
494,https://buyrxmedsnow.comimages/g3.jpg
495,https://buyrxmedsnow.comimages/gushers2.jpg
496,https://buyrxmedsnow.comimages/z1.jpg
497,https://buyrxmedsnow.comimages/z4.jpg
498,https://buyrxmedsnow.comimages/g5.jpg
499,https://buyrxmedsnow.comimages/z5.jpg
500,https://buyrxmedsnow.comimages/image12.png
501,https://buyrxmedsnow.comimages/6.jpg
502,https://buyrxmedsnow.comimages/7501088504624.png
503,https://buyrxmedsnow.comimages/7501059225411.jpg
504,https://buyrxmedsnow.comimages/7501101600067.jpg
505,https://buyrxmedsnow.comimages/7501258214414.jpg
506,https://buyrxmedsnow.comimages/7503007822918.jpg
507,https://buyrxmedsnow.comimages/7503007822901.jpg
508,https://buyrxmedsnow.comimages/7503007822895.jpg
509,https://buyrxmedsnow.comimages/891671002239.jpg
510,https://buyrxmedsnow.comimages/891671002215.png
511,https://buyrxmedsnow.comimages/banner52.png
512,https://buyrxmedsnow.comimages/tribedoce2.jpg
513,https://buyrxmedsnow.comimages/75015961u.jpg
514,https://buyrxmedsnow.comimages/extlinks/seal1.png
515,https://buyrxmedsnow.comimages/seal3.png
516,https://buyrxmedsnow.comimages/association.jpg
517,https://buyrxmedsnow.comimages/canaco.jpg
518,https://buyrxmedsnow.comimages/Anaf.png
519,https://buyrxmedsnow.comimages/Cofepris.png
520,https://buyrxmedsnow.comimages/ws.jpg
521,https://buyrxmedsnow.comimages/PLM.png
522,https://buyrxmedsnow.comimages/factura.png
523,https://buyrxmedsnow.comimages/4455.jpg
524,https://buyrxmedsnow.comimages/b3.png
525,https://meds4sale.comimages/design/logo.png
526,https://meds4sale.comhttp://www.meds.com.mx/images/left_facebook.png
527,https://meds4sale.comhttp://www.meds.com.mx/images/youtube.png
528,https://meds4sale.comhttp://www.meds.com.mx/images/left_twitter.png
529,https://meds4sale.comhttp://www.meds.com.mx/images/left_pinterest.png
530,https://meds4sale.comimages/design/details.png
531,https://meds4sale.comimages/g4.jpg
532,https://meds4sale.comimages/image12.png
533,https://meds4sale.comimages/z4.jpg
534,https://meds4sale.comimages/z1.jpg
535,https://meds4sale.comimages/z5.jpg
536,https://meds4sale.comimages/z3.jpg
537,https://meds4sale.comimages/gushers2.jpg
538,https://meds4sale.comimages/g3.jpg
539,https://meds4sale.comimages/1b.png
540,https://meds4sale.comimages/flash.png
541,https://meds4sale.comimages/g5.jpg
542,https://meds4sale.comimages/6.jpg
543,https://meds4sale.comimages/7501088504624.png
544,https://meds4sale.comimages/7501059225411.jpg
545,https://meds4sale.comimages/7501101600067.jpg
546,https://meds4sale.comimages/7501258214414.jpg
547,https://meds4sale.comimages/7503007822918.jpg
548,https://meds4sale.comimages/7503007822901.jpg
549,https://meds4sale.comimages/7503007822895.jpg
550,https://meds4sale.comimages/891671002239.jpg
551,https://meds4sale.comimages/891671002215.png
552,https://meds4sale.comimages/banner52.png
553,https://meds4sale.comimages/7501100076092.jpg
554,https://meds4sale.comimages/750300118711.jpg
555,https://meds4sale.comimages/seal1.png
556,https://meds4sale.comimages/seal3.png
557,https://meds4sale.comimages/association.jpg
558,https://meds4sale.comimages/canaco.jpg
559,https://meds4sale.comimages/Anaf.png
560,https://meds4sale.comimages/Cofepris.png
561,https://meds4sale.comimages/ws.jpg
562,https://meds4sale.comimages/PLM.png
563,https://meds4sale.comimages/factura.png
564,https://meds4sale.comimages/4459.jpg
565,https://meds4sale.comimages/meds110.png
566,https://orderyourmedsonline.comimages/design/logo.png
567,https://orderyourmedsonline.comhttp://www.meds.com.mx/images/left_facebook.png
568,https://orderyourmedsonline.comhttp://www.meds.com.mx/images/youtube.png
569,https://orderyourmedsonline.comhttp://www.meds.com.mx/images/left_twitter.png
570,https://orderyourmedsonline.comhttp://www.meds.com.mx/images/left_pinterest.png
571,https://orderyourmedsonline.comimages/design/details.png
572,https://www.orderyourmedsonline.com/order1img/z3.jpg
573,https://www.orderyourmedsonline.com/order1img/gushers2.jpg
574,https://www.orderyourmedsonline.com/order1img/image12.png
575,https://www.orderyourmedsonline.com/order1img/z1.jpg
576,https://www.orderyourmedsonline.com/order1img/g3.jpg
577,https://www.orderyourmedsonline.com/order1img/flash.png
578,https://www.orderyourmedsonline.com/order1img/g5.jpg
579,https://www.orderyourmedsonline.com/order1img/z5.jpg
580,https://www.orderyourmedsonline.com/order1img/z4.jpg
581,https://www.orderyourmedsonline.com/order1img/g4.jpg
582,https://www.orderyourmedsonline.com/order1img/1b.png
583,https://www.orderyourmedsonline.com/order1img/6.jpg
584,https://www.orderyourmedsonline.com/order1img/7501088504624.png
585,https://www.orderyourmedsonline.com/order1img/7501059225411.jpg
586,https://www.orderyourmedsonline.com/order1img/7501101600067.jpg
587,https://www.orderyourmedsonline.com/order1img/7501258214414.jpg
588,https://www.orderyourmedsonline.com/order1img/7503007822918.jpg
589,https://www.orderyourmedsonline.com/order1img/7503007822901.jpg
590,https://www.orderyourmedsonline.com/order1img/7503007822895.jpg
591,https://www.orderyourmedsonline.com/order1img/891671002239.jpg
592,https://www.orderyourmedsonline.com/order1img/891671002215.png
593,https://www.orderyourmedsonline.com/order1img/banner52.png
594,https://www.orderyourmedsonline.com/order1img/tribedoce2.jpg
595,https://www.orderyourmedsonline.com/order1img/75015961u.jpg
596,https://orderyourmedsonline.comimages/seal1.png
597,https://orderyourmedsonline.comimages/seal3.png
598,https://orderyourmedsonline.comimages/association.jpg
599,https://orderyourmedsonline.comimages/Anaf.png
600,https://orderyourmedsonline.comimages/canaco.jpg
601,https://orderyourmedsonline.comimages/Cofepris.png
602,https://orderyourmedsonline.comimages/ws.jpg
603,https://orderyourmedsonline.comimages/PLM.png
604,https://orderyourmedsonline.comimages/factura.png
605,https://orderyourmedsonline.comimages/4455.jpg
606,https://orderyourmedsonline.comimages/order1.png
607,https://rxmexicoonline.comimages/design/logo.png
608,https://rxmexicoonline.comhttp://www.meds.com.mx/images/left_facebook.png
609,https://rxmexicoonline.comhttp://www.meds.com.mx/images/youtube.png
610,https://rxmexicoonline.comhttp://www.meds.com.mx/images/left_twitter.png
611,https://rxmexicoonline.comhttp://www.meds.com.mx/images/left_pinterest.png
612,https://rxmexicoonline.comimages/design/details.png
613,https://rxmexicoonline.comimages/g3.jpg
614,https://rxmexicoonline.comimages/z5.jpg
615,https://rxmexicoonline.comimages/z1.jpg
616,https://rxmexicoonline.comimages/flash.png
617,https://rxmexicoonline.comimages/gushers2.jpg
618,https://rxmexicoonline.comimages/z4.jpg
619,https://rxmexicoonline.comimages/g5.jpg
620,https://rxmexicoonline.comimages/g4.jpg
621,https://rxmexicoonline.comimages/z3.jpg
622,https://rxmexicoonline.comimages/1b.png
623,https://rxmexicoonline.comimages/image12.png
624,https://rxmexicoonline.comimages/6.jpg
625,https://rxmexicoonline.comimages/7501088504624.png
626,https://rxmexicoonline.comimages/7501059225411.jpg
627,https://rxmexicoonline.comimages/7501101600067.jpg
628,https://rxmexicoonline.comimages/7501258214414.jpg
629,https://rxmexicoonline.comimages/7503007822918.jpg
630,https://rxmexicoonline.comimages/7503007822901.jpg
631,https://rxmexicoonline.comimages/7503007822895.jpg
632,https://rxmexicoonline.comimages/891671002239.jpg
633,https://rxmexicoonline.comimages/891671002215.png
634,https://rxmexicoonline.comimages/banner52.png
635,https://rxmexicoonline.comimages/tribedoce2.jpg
636,https://rxmexicoonline.comimages/750300118711.jpg
637,https://rxmexicoonline.comimages/seal1.png
638,https://rxmexicoonline.comimages/seal3.png
639,https://rxmexicoonline.comimages/association.jpg
640,https://rxmexicoonline.comimages/canaco.jpg
641,https://rxmexicoonline.comimages/Anaf.png
642,https://rxmexicoonline.comimages/Cofepris.png
643,https://rxmexicoonline.comimages/PLM.png
644,https://rxmexicoonline.comimages/factura.png
645,https://rxmexicoonline.comimages/4455.jpg
646,https://rxmexicoonline.comimages/mexico.png
647,https://rxonline.com.mximages/design/logo.png
648,https://rxonline.com.mxhttp://www.meds.com.mx/images/left_facebook.png
649,https://rxonline.com.mxhttp://www.meds.com.mx/images/youtube.png
650,https://rxonline.com.mxhttp://www.meds.com.mx/images/left_twitter.png
651,https://rxonline.com.mxhttp://www.meds.com.mx/images/left_pinterest.png
652,https://rxonline.com.mximages/design/details.png
653,https://www.rxonline.com.mx/rx40img/gushers2.jpg
654,https://www.rxonline.com.mx/rx40img/g4.jpg
655,https://www.rxonline.com.mx/rx40img/g3.jpg
656,https://www.rxonline.com.mx/rx40img/z1.jpg
657,https://www.rxonline.com.mx/rx40img/g5.jpg
658,https://www.rxonline.com.mx/rx40img/image12.png
659,https://www.rxonline.com.mx/rx40img/1b.png
660,https://www.rxonline.com.mx/rx40img/z5.jpg
661,https://www.rxonline.com.mx/rx40img/flash.png
662,https://www.rxonline.com.mx/rx40img/z4.jpg
663,https://www.rxonline.com.mx/rx40img/z3.jpg
664,https://www.rxonline.com.mx/rx40img/6.jpg
665,https://www.rxonline.com.mx/rx40img/7501088504624.png
666,https://www.rxonline.com.mx/rx40img/7501059225411.jpg
667,https://www.rxonline.com.mx/rx40img/7501101600067.jpg
668,https://www.rxonline.com.mx/rx40img/7501258214414.jpg
669,https://www.rxonline.com.mx/rx40img/7503007822918.jpg
670,https://www.rxonline.com.mx/rx40img/7503007822901.jpg
671,https://www.rxonline.com.mx/rx40img/7503007822895.jpg
672,https://www.rxonline.com.mx/rx40img/891671002239.jpg
673,https://www.rxonline.com.mx/rx40img/891671002215.png
674,https://www.rxonline.com.mx/rx40img/banner52.png
675,https://www.rxonline.com.mx/rx40img/tribedoce2.jpg
676,https://www.rxonline.com.mx/rx40img/75015961u.jpg
677,https://rxonline.com.mximages/extlinks/seal1.png
678,https://rxonline.com.mximages/seal3.png
679,https://rxonline.com.mximages/association.jpg
680,https://rxonline.com.mximages/canaco.jpg
681,https://rxonline.com.mximages/Anaf.png
682,https://rxonline.com.mximages/Cofepris.png
683,https://rxonline.com.mximages/ws.jpg
684,https://rxonline.com.mximages/PLM.png
685,https://rxonline.com.mximages/factura.png
686,https://rxonline.com.mximages/4455.jpg
687,https://rxonline.com.mximages/rx40.png
688,https://uk-drugs.com/static/assets/img/brands/visa.png
689,https://uk-drugs.com/static/assets/img/brands/mastercard.png
690,https://uk-drugs.com/static/assets/img/brands/paypal.png
691,https://official-drugstore.com/img/www/logo.png
692,https://official-drugstore.com/img/catalog/_big.jpg
693,https://drugsforhealth.org/themes/theme1/img/subnav_on_1.png
694,https://drugsforhealth.org/themes/theme1/img/subnav_on_2.png
695,https://drugsforhealth.org/themes/theme1/img/subnav_on_3.png
696,https://drugsforhealth.org/themes/theme1/img/subnav_on_4.png
697,https://drugsforhealth.org/themes/theme1/img/subnav_on_5.png
698,https://drugsforhealth.org/themes/theme1/img/link_4_on.png
699,https://drugsforhealth.org/themes/theme1/img/link_3_on.png
700,https://drugsforhealth.org/themes/theme1/img/link_2_on.png
701,https://drugsforhealth.org/themes/theme1/img/link_1_on.png
702,https://drugsforhealth.org/themes/theme1/img/logo.png
703,https://drugsforhealth.org/themes/theme1/img/1383319681_visa.png
704,https://drugsforhealth.org/images/i_bitcoin.png
705,https://drugsforhealth.org/themes/theme1/img/img_basket.jpg
706,https://drugsforhealth.org/images/viagra.jpg
707,https://drugsforhealth.org/images/cialis.jpg
708,https://drugsforhealth.org/themes/theme1/ner/one_en.jpg
709,https://drugsforhealth.org/images/propecia.jpg
710,https://drugsforhealth.org/images/meldonium.jpg
711,https://drugsforhealth.org/images/dapoxetine.jpg
712,https://drugsforhealth.org/images/viagra professional.jpg
713,https://drugsforhealth.org/images/levitra.jpg
714,https://drugsforhealth.org/images/viagra super active.jpg
715,https://drugsforhealth.org/images/cialis professional.jpg
716,https://drugsforhealth.org/images/kamagra.jpg
717,https://drugsforhealth.org/images/cialis super active.jpg
718,https://drugsforhealth.org/images/brand viagra.jpg
719,https://drugsforhealth.org/images/cialis soft.jpg
720,https://drugsforhealth.org/images/doxycycline.jpg
721,https://drugsforhealth.org/images/viagra soft.jpg
722,https://drugsforhealth.org/images/lasix.jpg
723,https://drugsforhealth.org/images/brand cialis.jpg
724,https://drugsforhealth.org/images/amoxil.jpg
725,https://drugsforhealth.org/images/clomid.jpg
726,https://drugsforhealth.org/images/female viagra.jpg
727,https://drugsforhealth.org/themes/theme1/ner/two_en.jpg
728,https://drugsforhealth.org/themes/theme1/ner/three_en.jpg
729,https://drugsforhealth.org/images/trial ed set standart.jpg
730,https://drugsforhealth.org/images/trial ed set extreme.jpg
731,https://drugsforhealth.org/images/trial ed set lite.jpg
732,https://drugsforhealth.org/themes/theme1/img/footer_logo.png
733,https://drugsforhealth.org/themes/theme1/img/1383319681_visa.png
734,https://drugsforhealth.org/images/i_bitcoin.png
735,https://drugsforhealth.org/themes/theme1/img/bottom-text.png
736,https://buyamoxicillinnorx.comAmoxicillin.jpg
737,https://buyazithromycinnorx.comAzithromycin.jpg
738,https://buymetronidazolenorx.comMetronidazole.jpg
